"kelas","payroll","loss_rate","volatilitas"
1,24.03,3.156,0.331
2,15.77,2.115,0.515
3,67.7,1.19,0.33
4,26.67,0.881,0.749
5,14.23,1.386,0.672
6,4.5,4.793,0.657
8,1.99,3.407,1.543
9,5.41,1.235,1.362
10,5.8,2.808,0.785
11,40.04,1.861,0.318
12,226.21,1.341,0.263
13,25.62,2.461,0.535
14,19.02,1.3,0.708
15,29.25,2.878,0.325
16,31.6,1.945,0.285
17,37.85,1.642,0.281
18,35.05,1.383,0.563
20,0.78,7.248,1.441
21,1.62,2.166,1.144
22,5.66,2.78,0.887
25,34.29,1.065,0.452
26,8.17,2.887,0.38
27,30.36,3.04,0.189
28,28.56,1.351,0.416
29,30.92,3.592,0.481
30,20.25,0.745,0.426
31,42.47,2.018,0.245
32,160.14,2.24,0.229
33,15.46,1.348,0.454
34,62.35,0.349,0.753
35,25.6,0.182,1.234
36,86.06,2.53,0.191
37,159.03,2.754,2.003
38,162.63,1.698,0.252
39,4.9,3.379,0.374
40,1.71,6.739,0.866
41,98.78,2.102,1.182
42,40.95,3.006,0.35
43,629.78,1.285,0.172
44,248.46,1.714,0.235
45,1411.94,1.124,0.205
46,458.1,3.136,0.223
47,12.28,1.313,0.551
48,11.33,2.147,0.891
49,100.02,0.78,0.567
50,29.34,2.258,0.51
51,3.53,0.083,1.343
52,7.33,1.423,0.774
53,32.11,0.976,0.316
55,3.6,3.118,0.436
56,17.39,1.06,0.643
57,22.64,1.374,0.372
59,44.38,0.458,0.503
60,126.34,1.254,0.944
61,1.04,0.721,1.984
62,27.52,1.454,0.748
63,31.23,0.683,0.515
64,89.43,0.28,0.59
65,39.47,1.318,0.57
66,6.03,0.726,0.356
67,14.28,2.313,0.661
69,5.32,0.723,0.654
70,24.01,0.291,0.801
71,41.07,1.786,0.221
72,33.64,1.119,0.421
73,0.62,1.126,1.195
74,132.59,1.97,0.232
75,37.93,3.852,0.351
76,135.35,2.334,0.184
77,45.48,2.088,0.291
78,5.81,4.427,1.317
79,39.17,4.369,0.314
80,321.15,1.86,0.185
81,29.97,4.387,0.249
82,712.39,1.126,0.169
83,443.44,2.318,0.112
84,1.45,6.015,1.601
85,9.28,1.555,0.524
86,18.15,1.975,0.643
87,4,0.122,1.525
88,1.19,6.525,2.341
89,0.83,11.031,0.914
90,1.64,3.902,1.171
91,372.39,1.419,0.256
92,332.71,2.407,0.155
93,111.2,0.161,1.073
94,33.16,1.08,0.419
95,97.9,0.579,0.327
96,22.68,2.8,0.215
97,92.88,1.375,0.311
98,660.49,0.75,0.221
99,247.47,1.315,0.163
100,29.57,0.83,0.495
101,644.68,0.467,0.289
102,42.29,1.726,0.26
103,75.93,3.121,0.513
104,9.31,2.69,0.456
105,403.8,1.118,0.185
106,5.09,2.081,1.191
107,82.5,0.107,0.766
108,260.82,1.882,0.218
109,26.75,2.186,0.376
110,21.19,1.394,0.496
111,15.29,4.21,0.143
112,4856.92,0.088,0.235
113,453.32,0.441,0.246
114,2054.06,0.095,0.261
115,78.99,0.655,0.474
116,212,0.416,0.382
117,51.93,1.544,0.391
118,28.9,1.435,0.427
119,1842.14,0.178,0.281
120,451.76,1.625,0.161
121,23.41,0.414,0.43
122,925.57,0.747,0.17
123,39.32,0.659,0.554
124,4.71,3.671,0.542
