ID_Mobil;Peringkat_risiko;Nama_mobil;Perusahaan_mobil;Negara_asal_mobil;Bahan_bakar;Mesin_mobil;Jumlah_pintu;Bodi_mobil;Roda_penggerak;Lokasi_mesin;Jarak_sumbu_roda;Panjang_mobil;Lebar_mobil;Tinggi_mobil;Berat_mobil;Jenis_mesin;Jumlah_silinder;Ukuran_mesin;Sistem_bahan_bakar;Diameter_silinder;Jarak_piston;Rasio_kompresi;horsepower;Rpm_maks;Jarak_tempuh_kota;Jarak_tempuh;Harga_mobil
1;3;alfa-romero giulia;Alfa-romero;Italia;bensin;std;dua;convertible;rwd;depan;88,6;168,8;64,1;48,8;2548;dohc;empat;130;mpfi;3,47;2,68;9;111;5000;21;27;13495
2;3;alfa-romero stelvio;Alfa-romero;Italy;bensin;std;dua;convertible;rwd;depan;88,6;168,8;64,1;48,8;2548;dohc;empat;130;mpfi;3,47;2,68;9;111;5000;21;27;16500
3;1;alfa-romero Quadrifoglio;Alfa-romero;Italia;bensin;std;dua;hatchback;rwd;depan;94,5;171,2;65,5;52,4;2823;ohcv;enam;152;mpfi;2,68;3,47;9;154;5000;19;26;16500
4;2;audi 100 ls;Audi;Jerman;bensin;std;empat;sedan;fwd;depan;99,8;176,6;66,2;54,3;2337;ohc;empat;109;mpfi;3,19;3.4;10;102;5500;24;30;13950
5;2;audi 100ls;Audi;Jerman;bensin;std;empat;sedan;4wd;depan;99,4;176,6;66,4;54,3;2824;ohc;lima;136;mpfi;3,19;3,4;8;115;5500;18;22;17450
6;2;audi fox;Audi;Jerman;bensin;std;dua;sedan;fwd;depan;99,8;177,3;66,3;53,1;2507;ohc;lima;136;mpfi;3,19;3,4;8,5;110;5500;19;25;15250
7;1;audi 100ls;Audi;Jerman;bensin;std;empat;sedan;fwd;depan;105,8;192,7;71,4;55,7;2844;ohc;lima;136;mpfi;3,19;3,4;8,5;110;5500;19;25;17710
8;1;audi 5000;Audi;Jerman;bensin;std;empat;wagon;fwd;depan;105,8;192,7;71,4;55,7;2954;ohc;lima;136;mpfi;3,19;3,4;8,5;110;5500;19;25;18920
9;1;audi 4000;Audi;Jerman;bensin;turbo;empat;sedan;fwd;depan;105,8;192,7;71,4;55,9;3086;ohc;lima;131;mpfi;3,13;3,4;8,3;140;5500;17;20;23875
10;0;audi 5000s (diesel);Audi;Jerman;bensin;turbo;dua;hatchback;4wd;depan;99,5;178,2;67,9;52;3053;ohc;lima;131;mpfi;3,13;3,4;7;160;5500;16;22;17859
11;2;bmw 320i;BMW;Jerman;bensin;std;dua;sedan;rwd;depan;101,2;176,8;64,8;54,3;2395;ohc;empat;108;mpfi;3,5;2,8;8,8;101;5800;23;29;16430
12;0;bmw 320i;BMW;Jerman;bensin;std;empat;sedan;rwd;depan;101,2;176,8;64,8;54,3;2395;ohc;empat;108;mpfi;3,5;2,8;8,8;101;5800;23;29;16925
13;0;bmw x1;BMW;Jerman;bensin;std;dua;sedan;rwd;depan;101,2;176,8;64,8;54,3;2710;ohc;enam;164;mpfi;3,31;3.19;9;121;4250;21;28;20970
14;0;bmw x3;BMW;Jerman;bensin;std;empat;sedan;rwd;depan;101.2;176,8;64,8;54,3;2765;ohc;enam;164;mpfi;3,31;3,19;9;121;4250;21;28;21105
15;1;bmw z4;BMW;Jerman;bensin;std;empat;sedan;rwd;depan;103,5;189;66,9;55,7;3055;ohc;enam;164;mpfi;3,31;3,19;9;121;4250;20;25;24565
16;0;bmw x4;BMW;Jerman;bensin;std;empat;sedan;rwd;depan;103,5;189;66,9;55,7;3230;ohc;enam;209;mpfi;3,62;3,39;8;182;5400;16;22;30760
17;0;bmw x5;BMW;Jerman;bensin;std;dua;sedan;rwd;depan;103,5;193,8;67,9;53,7;3380;ohc;enam;209;mpfi;3,62;3,39;8;182;5400;16;22;41315
18;0;bmw x3;BMW;Jerman;bensin;std;empat;sedan;rwd;depan;110;197;70,9;56,3;3505;ohc;enam;209;mpfi;3,62;3,39;8;182;5400;15;20;36880
19;2;chevrolet impala;Chevrolet;Amerika;bensin;std;dua;hatchback;fwd;depan;88,4;141,1;60,3;53,2;1488;l;tiga;61;2bbl;2,91;3,03;9,5;48;5100;47;53;5151
20;1;chevrolet monte carlo;Chevrolet;AS;bensin;std;dua;hatchback;fwd;depan;94,5;155,9;63,6;52;1874;ohc;empat;-90;2bbl;3,03;3,11;9,6;70;5400;38;43;6295
21;0;chevrolet vega 2300;Chevrolet;Amerika;bensin;std;empat;sedan;fwd;depan;94,5;158,8;63,6;52;1909;ohc;empat;-90;2bbl;3,03;3.11;9,6;70;5400;38;43;6575
22;1;dodge rampage;Dodge;Amerika;bensin;std;dua;hatchback;fwd;depan;93,7;157,3;63,8;50,8;1876;ohc;empat;-90;2bbl;2,97;3,23;9,4;68;5500;37;41;5572
23;1;dodge challenger se;Dodge;AS;bensin;std;dua;hatchback;fwd;depan;93,7;157,3;63,8;50,8;1876;ohc;empat;90;2bbl;2,97;3,23;9,4;68;5500;31;38;6377
24;1;dodge d200;Dodge;Amerika;bensin;turbo;dua;hatchback;fwd;depan;93,7;157,3;63,8;50,8;2128;ohc;empat;98;mpfi;3,03;3,39;7,6;102;5500;24;30;7957
25;1;dodge monaco (sw);Dodge;Amerika;bensin;std;empat;hatchback;fwd;depan;93,7;157,3;63,8;50,6;1967;ohc;empat;-90;2bbl;2,97;3,23;9,4;68;5500;31;38;6229
26;1;dodge colt hardtop;Dodge;Amerika;bensin;std;empat;sedan;fwd;depan;93,7;157,3;63,8;50,6;1989;ohc;empat;90;2bbl;2,97;3,23;9,4;68;5500;31;38;6692
27;1;dodge colt (sw);Dodge;Amerika;bensin;std;empat;sedan;fwd;depan;93,7;157,3;63,8;50,6;1989;ohc;empat;90;2bbl;2,97;3,23;9,4;68;5500;31;38;7609
28;1;dodge coronet custom;Dodge;Amerika;bensin;turbo;dua;sedan;fwd;depan;93,7;157,3;63,8;50,6;2191;ohc;empat;98;mpfi;3,03;3,39;7,6;102;5500;24;30;8558
29;-1;dodge dart custom;Dodge;Amerika;bensin;std;empat;wagon;fwd;depan;103,3;174,6;64,6;59,8;2535;ohc;empat;122;2bbl;3,34;3,46;8,5;88;5000;24;30;8921
30;3;dodge coronet custom (sw);Dodge;Amerika;bensin;turbo;dua;hatchback;fwd;depan;95,9;173,2;66,3;50,2;2811;ohc;empat;156;mfi;3,6;3,9;7;145;5000;19;24;12964
31;2;honda civic;Honda;Jepang;bensin;std;dua;hatchback;fwd;depan;86,6;144,6;63,9;50,8;1713;ohc;empat;92;1bbl;2,91;3,41;9,6;58;4800;49;54;6479
32;2;honda civic cvcc;Honda;Jepang;bensin;std;dua;hatchback;fwd;depan;86,6;144,6;63,9;50,8;1819;ohc;empat;92;1bbl;2,91;3,41;9,2;76;6000;31;38;6855
33;1;honda civic;Honda;Jepang;bensin;std;dua;hatchback;fwd;depan;93,7;150;64;52,6;1837;ohc;empat;79;1bbl;2,91;3,07;10,1;60;5500;38;42;5399
34;1;honda accord cvcc;Honda;Jepang;bensin;std;dua;hatchback;fwd;depan;93,7;150;64;52,6;1940;ohc;empat;92;1bbl;2,91;3,41;9,2;76;6000;30;34;6529
35;1;honda civic cvcc;Honda;Jepang;bensin;std;dua;hatchback;fwd;depan;93,7;150;64;52,6;1956;ohc;empat;92;1bbl;2,91;3,41;9,2;76;6000;30;34;7129
36;0;honda accord lx;Honda;Jepang;bensin;std;empat;sedan;fwd;depan;96,5;163,4;64;54,5;2010;ohc;empat;92;1bbl;2,91;3,41;9,2;76;6000;30;34;7295
37;0;honda civic 1500 gl;Honda;Japan;bensin;std;empat;wagon;fwd;depan;96,5;157,1;63,9;58,3;2024;ohc;empat;92;1bbl;2,92;3,41;9,2;76;6000;30;34;7295
38;0;honda accord;Honda;Jepang;bensin;std;dua;hatchback;fwd;depan;96.5;167,5;65,2;53,3;2236;ohc;empat;110;1bbl;3,15;3,58;9;86;5800;27;33;7895
39;0;honda civic 1300;Honda;Jepang;bensin;std;dua;hatchback;fwd;depan;96,5;167,5;65,2;53,3;2289;ohc;empat;110;1bbl;3,15;3,58;9;86;5800;27;33;9095
40;0;honda prelude;Honda;Japan;bensin;std;empat;sedan;fwd;depan;96,5;175,4;65,2;54,1;2304;ohc;empat;110;1bbl;3,15;3,58;9;86;5800;27;33;8845
41;0;honda accord;Honda;Jepang;bensin;std;empat;sedan;fwd;depan;96,5;175,4;62,5;54,1;2372;ohc;empat;110;1bbl;3,15;3,58;9;86;5800;27;33;10295
42;0;honda civic;Honda;Jepang;bensin;std;empat;sedan;fwd;depan;96,5;175,4;65,2;54,1;2465;ohc;empat;110;mpfi;3,15;3,58;9;101;5800;24;28;12945
43;1;honda civic (auto);Honda;Jepang;bensin;std;dua;sedan;fwd;depan;96,5;169,1;66;51;2293;ohc;empat;110;2bbl;3,15;3,58;9,1;100;5500;25;31;10345
44;0;isuzu MU-X;Isuzu;Jepang;bensin;std;empat;sedan;rwd;depan;94,3;170,7;61,8;53,5;2337;ohc;empat;111;2bbl;3,31;3,23;8,5;78;4800;24;29;6785
45;1;isuzu D-Max ;Isuzu;Jepang;bensin;std;dua;sedan;fwd;depan;94,5;155,9;63,6;52;1874;ohc;empat;-90;2bbl;3,03;3.11;9,6;70;5400;38;43;8917
46;0;isuzu D-Max V-Cross;Isuzu;Jepang;bensin;std;empat;sedan;fwd;depan;94,5;155,9;63,6;52;1909;ohc;empat;90;2bbl;3,03;3,11;9,6;70;5400;38;43;8917
47;2;isuzu D-Max ;Isuzu;Jepang;bensin;std;dua;hatchback;rwd;depan;96;172,6;65,2;51,4;2734;ohc;empat;119;spfi;3,43;3,23;9,2;90;5000;24;29;11048
48;0;jaguar xj;Jaguar;Inggris;bensin;std;empat;sedan;rwd;depan;113;199,6;69,6;52,8;4066;dohc;enam;258;mpfi;3,63;4,17;8,1;176;4750;15;19;32250
49;0;jaguar xf;Jaguar;Inggeris;bensin;std;empat;sedan;rwd;depan;113;199,6;69,6;52,8;4066;dohc;enam;258;mpfi;3,63;4,17;8,1;176;4750;15;19;35550
50;0;jaguar xk;Jaguar;Inggris;bensin;std;dua;sedan;rwd;depan;102;191,7;70,6;47,8;3950;ohcv;dua belas;326;mpfi;3,54;2,76;11,5;262;5000;13;17;36000
51;1;maxda rx3;Mazda;Jepang;bensin;std;dua;hatchback;fwd;depan;93.1;159,1;64,2;54,1;1890;ohc;empat;91;2bbl;3,03;3,15;9;68;5000;30;31;5195
52;1;maxda glc deluxe;Mazda;Jepang;bensin;std;dua;hatchback;fwd;depan;93,1;159,1;64,2;54,1;1900;ohc;empat;91;2bbl;3,03;3,15;9;68;5000;31;38;6095
53;1;mazda rx2 coupe;Mazda;Jepang;bensin;std;dua;hatchback;fwd;depan;93,1;159,1;64,2;54,1;1905;ohc;empat;91;2bbl;3,03;3,15;9;68;5000;31;38;6795
54;1;mazda rx-4;Mazda;Jepang;bensin;std;empat;sedan;fwd;depan;93,1;166,8;64,2;54,1;1945;ohc;empat;91;2bbl;3,03;3,15;9;68;5000;31;38;6695
55;1;mazda glc deluxe;Mazda;Jepang;bensin;std;empat;sedan;fwd;depan;93,1;166,8;64,2;54,1;1950;ohc;empat;91;2bbl;3,08;3,15;9;68;5000;31;38;7395
56;3;mazda 626;Mazda;Jepang;bensin;std;dua;hatchback;rwd;depan;95,3;169;65,7;49,6;2380;rotor;dua;70;4bbl;3,33;3,26;9,4;101;6000;17;23;10945
57;3;mazda glc;Mazda;Jepang;bensin;std;dua;hatchback;rwd;depan;95,3;169;65,7;49,6;2380;rotor;dua;70;4bbl;3,33;3.26;9,4;101;6000;17;23;11845
58;3;mazda rx-7 gs;Mazda;Jepang;bensin;std;dua;hatchback;rwd;depan;95,3;169;65,7;49,6;2385;rotor;dua;70;4bbl;3,33;3,26;9,4;101;6000;17;23;13645
59;3;mazda glc 4;Mazda;Jepang;bensin;std;dua;hatchback;rwd;depan;95,3;169;65,7;49,6;2500;rotor;dua;80;mpfi;3,33;3,26;9,4;135;6000;16;23;15645
60;1;mazda 626;Mazda;Jepang;bensin;std;dua;hatchback;fwd;depan;98,8;177,8;66,5;53,7;2385;ohc;empat;122;2bbl;3,39;3,39;8,6;84;4800;26;32;8845
61;0;mazda glc custom l;Mazda;Jepang;bensin;std;empat;sedan;fwd;depan;98,8;177,8;66,5;55,5;2410;ohc;empat;122;2bbl;3,39;3,39;8,6;84;4800;26;32;8495
62;1;mazda glc custom;Mazda;Jepang;bensin;std;dua;hatchback;fwd;depan;98,8;177,8;66,5;53,7;2385;ohc;empat;122;2bbl;3,39;3,39;8,6;84;4800;26;32;10595
63;0;mazda rx-4;Mazda;Jepang;bensin;std;empat;sedan;fwd;depan;98,8;177,8;66,5;55,5;2410;ohc;empat;122;2bbl;3,39;3,39;8,6;84;4800;26;32;10245
64;0;mazda glc deluxe;Mazda;Jepang;solar;std;empat;sedan;fwd;depan;98,8;177,8;66,5;55,5;2443;ohc;empat;122;idi;3,39;3,39;22,7;64;4650;36;42;10795
65;0;mazda 626;Mazda;Jepang;bensin;std;empat;hatchback;fwd;depan;98,8;177,8;66,5;55,5;2425;ohc;empat;122;2bbl;3,39;3,39;8,6;84;4800;26;32;11245
66;0;mazda glc;Mazda;Jepang;bensin;std;empat;sedan;rwd;depan;104,9;175;66,1;54,4;2670;ohc;empat;140;mpfi;3,76;3,16;8;120;5000;19;27;18280
67;0;mazda rx-7 gs;Mazda;Jepang;solar;std;empat;sedan;rwd;depan;104,9;175;66,1;54,4;2700;ohc;empat;134;idi;3,43;3,64;22;72;4200;31;39;18344
68;-1;buick electra 225 custom;Buick;Amerika;solar;turbo;empat;sedan;rwd;depan;110;190,9;70,3;56,5;3515;ohc;lima;183;idi;3,58;3,64;21,5;123;4350;22;25;25552
69;-1;buick century luxus (sw);Buick;Amerika;solar;turbo;empat;wagon;rwd;depan;110;190,9;70,3;58,7;3750;ohc;lima;183;idi;3,58;3,64;21,5;123;4350;22;25;28248
70;0;buick century;Buick;Amerika;solar;turbo;dua;hardtop;rwd;depan;106,7;187,5;70,3;54,9;3495;ohc;lima;183;idi;3,58;3,64;21,5;123;4350;22;25;28176
71;-1;buick skyhawk;Buick;AS;solar;turbo;empat;sedan;rwd;depan;115,6;202,6;71,7;56,3;3770;ohc;lima;183;idi;3,58;3,64;21,5;123;4350;22;25;31600
72;-1;buick opel isuzu deluxe;Buick;Amerika;bensin;std;empat;sedan;rwd;depan;115,6;202,6;71,7;56,5;3740;ohcv;delapan;234;mpfi;3,46;3,1;8,3;155;4750;16;18;34184
73;3;buick skylark;Buick;Amerika;bensin;std;dua;convertible;rwd;depan;96,6;180,3;70,5;50,8;3685;ohcv;delapan;234;mpfi;3,46;3,1;8,3;155;4750;16;18;35056
74;0;buick century special;Buick;Amerika;bensin;std;empat;sedan;rwd;depan;120,9;208,1;71,7;56,7;3900;ohcv;delapan;308;mpfi;3,8;3,35;8;184;4500;14;16;40960
75;1;buick regal sport coupe (turbo);Buick;Amerika;bensin;std;dua;hardtop;rwd;depan;112;199,2;72;55,4;3715;ohcv;delapan;304;mpfi;3,8;3,35;8;184;4500;14;16;45400
76;1;mercury cougar;Mercury;Amerika;bensin;turbo;dua;hatchback;rwd;depan;102,7;178,4;68;54,8;2910;ohc;empat;140;mpfi;3,78;3,12;8;175;5000;19;24;16503
77;2;mitsubishi mirage;Mitsubishi;Jepang;bensin;std;dua;hatchback;fwd;depan;93,7;157,3;64,4;50,8;1918;ohc;empat;92;2bbl;2,97;3,23;9,4;68;5500;37;41;5389
78;2;mitsubishi lancer;Mitsubishi;Japan;bensin;std;dua;hatchback;fwd;depan;93,7;157,3;64,4;50,8;1944;ohc;empat;92;2bbl;2,97;3,23;9,4;68;5500;31;38;6189
79;2;mitsubishi outlander;Mitsubishi;Jepang;bensin;std;dua;hatchback;fwd;depan;93,7;157,3;64,4;50,8;2004;ohc;empat;92;2bbl;2,97;3,23;9,4;68;5500;31;38;6669
80;1;mitsubishi g4;Mitsubishi;Jepang;bensin;turbo;dua;hatchback;fwd;depan;93;157,3;63,8;50,8;2145;ohc;empat;98;spdi;3,03;3,39;7,6;102;5500;24;30;7689
81;3;mitsubishi mirage g4;Mitsubishi;Jepang;bensin;turbo;dua;hatchback;fwd;depan;96,3;173;65,4;49,4;2370;ohc;empat;110;spdi;3,17;3,46;7,5;116;5500;23;30;9959
82;3;mitsubishi g4;Mitsubishi;Jepang;bensin;std;dua;hatchback;fwd;depan;96,3;173;65,4;49,4;2328;ohc;empat;122;2bbl;3,35;3,46;8,5;88;5000;25;32;8499
83;3;mitsubishi outlander;Mitsubishi;Jepang;bensin;turbo;dua;hatchback;fwd;depan;95,9;173,2;66,3;50,2;2833;ohc;empat;156;spdi;3,58;3,86;7;145;5000;19;24;12629
84;3;mitsubishi g4;Mitsubishi;Japan;bensin;turbo;dua;hatchback;fwd;depan;95,9;173,2;66,3;50,2;2921;ohc;empat;156;spdi;3,59;3,86;7;145;5000;19;24;14869
85;3;mitsubishi mirage g4;Mitsubishi;Jepang;bensin;turbo;dua;hatchback;fwd;depan;95,9;173,2;66,3;50,2;2926;ohc;empat;156;spdi;3,59;3,86;7;145;5000;19;24;14489
86;1;mitsubishi montero;Mitsubishi;Jepang;bensin;std;empat;sedan;fwd;depan;96,3;172,4;65,4;51,6;2365;ohc;empat;122;2bbl;3,35;3,46;8,5;88;5000;25;32;6989
87;1;mitsubishi pajero;Mitsubishi;Jepang;bensin;std;empat;sedan;fwd;depan;96,3;172,4;65,4;51,6;2405;ohc;empat;122;2bbl;3,35;3,46;8,5;88;5000;25;32;8189
88;1;mitsubishi outlander;Mitsubishi;Jepang;bensin;turbo;empat;sedan;fwd;depan;96,3;172,4;65,4;51,6;2403;ohc;empat;110;spdi;3,17;3,46;7,5;116;5500;23;30;9279
89;-1;mitsubishi mirage g4;Mitsubishi;Jepang;bensin;std;empat;sedan;fwd;depan;96,3;172,4;65,4;51,6;2403;ohc;empat;110;spdi;3,17;3,46;7,5;116;5500;23;30;9279
90;1;Nissan versa;Nissan;Jepang;bensin;std;dua;sedan;fwd;depan;94,5;165,3;63,8;54,5;1889;ohc;empat;97;2bbl;3,15;3,29;9,4;69;5200;31;37;5499
91;1;nissan gt-r;Nissan;Jepang;solar;std;dua;sedan;fwd;depan;94,5;165,3;63,8;54,5;2017;ohc;empat;103;idi;2,99;3,47;21,9;55;4800;45;50;7099
92;1;nissan rogue;Nissan;Jepang;bensin;std;dua;sedan;fwd;depan;94,5;165,3;63,8;54,5;1918;ohc;empat;97;2bbl;3,15;3,29;9,4;69;5200;31;37;6649
93;1;nissan latio;Nissan;Jepang;bensin;std;empat;sedan;fwd;depan;94,5;165,3;63,8;54,5;1938;ohc;empat;97;2bbl;3,15;3,29;9,4;69;5200;31;37;6849
94;1;nissan titan;Nissan;Jepang;bensin;std;empat;wagon;fwd;depan;94,5;170,2;63,8;53,5;2024;ohc;empat;97;2bbl;3,15;3,29;9,4;69;5200;31;37;7349
95;1;nissan leaf;Nissan;Japan;bensin;std;dua;sedan;fwd;depan;94,5;165,3;63,8;54,5;1951;ohc;empat;97;2bbl;3,15;3,29;9,4;69;5200;31;37;7299
96;1;nissan juke;Nissan;Jepang;bensin;std;dua;hatchback;fwd;depan;94,5;165,6;63,8;53,3;2028;ohc;empat;97;2bbl;3,15;3,29;9,4;69;5200;31;37;7799
97;1;nissan latio;Nissan;Jepang;bensin;std;empat;sedan;fwd;depan;94,5;165,3;63,8;54,5;1971;ohc;empat;97;2bbl;3,15;3,29;9,4;69;5200;31;37;7499
98;1;nissan note;Nissan;Jepang;bensin;std;empat;wagon;fwd;depan;94,5;170,2;63,8;53,5;2037;ohc;empat;97;2bbl;3,15;3,29;9,4;69;5200;31;37;7999
99;2;nissan clipper;Nissan;Jepang;bensin;std;dua;hardtop;fwd;depan;95,1;162,4;63,8;53,3;2008;ohc;empat;97;2bbl;3,15;3,29;9,4;69;5200;31;37;8249
100;0;nissan rogue;Nissan;Jepang;bensin;std;empat;hatchback;fwd;depan;97,2;173,4;65,2;54,7;2324;ohc;empat;120;2bbl;3,33;3,47;8,5;97;5200;27;34;8949
101;0;nissan nv200;Nissan;Jepang;bensin;std;empat;sedan;fwd;depan;97,2;173,4;65,2;54,7;2302;ohc;empat;120;2bbl;3,33;3,47;8,5;97;5200;27;34;9549
102;0;nissan dayz;Nissan;Jepang;bensin;std;empat;sedan;fwd;depan;100,4;181,7;66,5;55,1;3095;ohcv;enam;181;mpfi;3,43;3,27;9;152;5200;17;22;13499
103;0;nissan fuga;Nissan;Jepang;bensin;std;empat;wagon;fwd;depan;100,4;184,6;66,5;56,1;3296;ohcv;enam;181;mpfi;3,43;3,27;9;152;5200;17;22;14399
104;0;nissan otti;Nissan;Japan;bensin;std;empat;sedan;fwd;depan;100,4;184,6;66,5;55,1;3060;ohcv;enam;181;mpfi;3,43;3,27;9;152;5200;19;25;13499
105;3;nissan teana;Nissan;Jepang;bensin;std;dua;hatchback;rwd;depan;91,3;170,7;67,9;49,7;3071;ohcv;enam;181;mpfi;3,43;3,27;9;160;5200;19;25;17199
106;3;nissan kicks;Nissan;Jepang;bensin;turbo;dua;hatchback;rwd;depan;91,3;170,7;67,9;49,7;3139;ohcv;enam;181;mpfi;3,43;3,27;7,8;200;5200;17;23;19699
107;1;nissan clipper;Nissan;Jepang;bensin;std;dua;hatchback;rwd;depan;99,2;178,5;67,9;49,7;3139;ohcv;enam;181;mpfi;3,43;3,27;9;160;5200;19;25;18399
108;0;peugeot 504;Peugeot;Perancis;bensin;std;empat;sedan;rwd;depan;107,9;186,7;68,4;56,7;3020;l;empat;120;mpfi;3,46;3,19;8,4;97;5000;19;24;11900
109;0;peugeot 304;Peugeot;Prancis;solar;turbo;empat;sedan;rwd;depan;107,9;186,7;68,4;56,7;3197;l;empat;152;idi;3,7;3,52;21;95;4150;28;33;13200
110;0;peugeot 504 (sw);Peugeot;Prancis;bensin;std;empat;wagon;rwd;depan;114,2;198,9;68,4;58,7;3230;l;empat;120;mpfi;3,46;3,19;8,4;97;5000;19;24;12440
111;0;peugeot 504;Peugeot;Prancis;solar;turbo;empat;wagon;rwd;depan;114,2;198,9;68,4;58,7;3430;l;empat;152;idi;3,7;3,52;21;95;4150;25;25;13860
112;0;peugeot 504;Peugeot;Prancis;bensin;std;empat;sedan;rwd;depan;107,9;186,7;68,4;56,7;3075;l;empat;120;mpfi;3,46;2,19;8,4;95;5000;19;24;15580
113;0;peugeot 604sl;Peugeot;Perancis;solar;turbo;empat;sedan;rwd;depan;107,9;186,7;68,4;56,7;3252;l;empat;152;idi;3,7;3,52;21;95;4150;28;33;16900
114;0;peugeot 504;Peugeot;Prancis;bensin;std;empat;wagon;rwd;depan;114,2;198,9;68,4;56,7;3285;l;empat;120;mpfi;3,46;2,19;8,4;95;5000;19;24;16695
115;0;peugeot 505s turbo diesel;Peugeot;Perancis;solar;turbo;empat;wagon;rwd;depan;114,2;198,9;68,4;58,7;3485;l;empat;152;idi;3,7;3,52;21;95;4150;25;25;17075
116;0;peugeot 504;Peugeot;Prancis;bensin;std;empat;sedan;rwd;depan;107,9;186,7;68,4;56,7;3075;l;empat;120;mpfi;3,46;3,19;8,4;97;5000;19;24;16630
117;0;peugeot 504;Peugeot;Prancis;solar;turbo;empat;sedan;rwd;depan;107,9;186,7;68,4;56,7;3252;l;empat;152;idi;3,7;3,52;21;95;4150;28;33;17950
118;0;peugeot 604sl;Peugeot;Perancis;bensin;turbo;empat;sedan;rwd;depan;108;186,7;68,3;56;3130;l;empat;134;mpfi;3,61;3,21;7;142;5600;18;24;18150
119;1;plymouth fury iii;Plymouth;Amerika;bensin;std;dua;hatchback;fwd;depan;93,7;157,3;63,8;50,8;1918;ohc;empat;90;2bbl;2,97;3,23;9,4;68;5500;37;41;5572
120;1;plymouth cricket;Plymouth;Amerika;bensin;turbo;dua;hatchback;fwd;depan;93,7;157,3;63,8;50,8;2128;ohc;empat;98;spdi;3,03;3,39;7,6;102;5500;24;30;7957
121;1;plymouth fury iii;Plymouth;AS;bensin;std;empat;hatchback;fwd;depan;93,7;157,3;63,8;50,6;1967;ohc;empat;90;2bbl;2,97;3,23;9,4;68;5500;31;38;6229
122;1;plymouth satellite custom (sw);Plymouth;Amerika;bensin;std;empat;sedan;fwd;depan;93,7;167,3;63,8;50,8;1989;ohc;empat;90;2bbl;2,97;3,23;9,4;68;5500;31;38;6692
123;1;plymouth fury gran sedan;Plymouth;Amerika;bensin;std;empat;sedan;fwd;depan;93,7;167,3;63,8;50,8;2191;ohc;empat;98;2bbl;2,97;3,23;9,4;68;5500;31;38;7609
124;-1;plymouth valiant;Plymouth;Amerika;bensin;std;empat;wagon;fwd;depan;103,3;174,6;64,6;59,8;2535;ohc;empat;122;2bbl;3,35;3,46;8,5;88;5000;24;30;8921
125;3;plymouth duster;Plymouth;Amerika;bensin;turbo;dua;hatchback;rwd;depan;95,9;173,2;66,3;50,2;2818;ohc;empat;156;spdi;3,59;3,86;7;145;5000;19;24;12764
126;3;porsche macan;Porsche;Jerman;bensin;std;dua;hatchback;rwd;depan;94,5;168,9;68,3;50,2;2778;ohc;empat;151;mpfi;3,94;3,11;9,5;143;5500;19;27;22018
127;3;porcshce panamera;Porsche;Jerman;bensin;std;dua;hardtop;rwd;belakang;89,5;168,9;65;51,6;2756;ohcf;enam;194;mpfi;3,74;2,9;9,5;207;5900;17;25;32528
128;3;porsche cayenne;Porsche;Jerman;bensin;std;dua;hardtop;rwd;belakang;89,5;168,9;65;51,6;2756;ohcf;enam;194;mpfi;3,74;2,9;9,5;207;5900;17;25;34028
129;3;porsche boxter;Porsche;Jerman;bensin;std;dua;convertible;rwd;belakang;89,5;168,9;65;51,6;2800;ohcf;enam;194;mpfi;3,74;2,9;9,5;207;5900;17;25;37028
130;1;porsche cayenne;Porsche;Jerman;bensin;std;dua;hatchback;rwd;depan;98,4;175,7;72,3;50,5;3366;dohcv;delapan;203;mpfi;3,94;3,11;10;288;5750;17;28;31401
131;0;renault 12tl;Renault;Prancis;bensin;std;empat;wagon;fwd;depan;96,1;181,5;66,5;55,2;2579;ohc;empat;132;mpfi;3,46;3,9;8,7;90;5100;23;31;9295
132;2;renault 5 gtl;Renault;Prancis;bensin;std;dua;hatchback;fwd;depan;96,1;176,8;66,6;50,5;2460;ohc;empat;132;mpfi;3,46;3,9;8,7;90;5100;23;31;9895
133;3;saab 99e;Saab;Swedia;bensin;std;dua;hatchback;fwd;depan;99,1;186,6;66,5;56,1;2658;ohc;empat;121;mpfi;3,54;3,07;9,3;110;5250;21;28;11850
134;2;saab 99le;Saab;Swedia;bensin;std;empat;sedan;fwd;depan;99,1;186,6;66,5;56,1;2695;ohc;empat;121;mpfi;3,54;3,07;9,3;110;5250;21;28;12170
135;3;saab 99le;Saab;Swedia;bensin;std;dua;hatchback;fwd;depan;99,1;186,6;66,5;56,1;2707;ohc;empat;121;mpfi;2,54;2,07;9,3;110;5250;21;28;15040
136;2;saab 99gle;Saab;Swedia;bensin;std;empat;sedan;fwd;depan;99,1;186,6;66,5;56,1;2758;ohc;empat;121;mpfi;3,54;3,07;9,3;110;5250;21;28;15510
137;3;saab 99gle;Saab;Swedia;bensin;turbo;dua;hatchback;fwd;depan;99,1;186,6;66,5;56,1;2808;dohc;empat;121;mpfi;3,54;3,07;9;160;5500;19;26;18150
138;2;saab 99e;Saab;Swedia;bensin;turbo;empat;sedan;fwd;depan;99,1;186,6;66,5;56,1;2847;dohc;empat;121;mpfi;3,54;3,07;9;160;5500;19;26;18620
139;2;subaru;Subaru;Jepang;bensin;std;dua;hatchback;fwd;depan;93,7;156,9;63,4;53,7;2050;ohcf;empat;97;2bbl;3,62;2,36;9;69;4900;31;36;5118
140;2;subaru dl;Subaru;Jepang;bensin;std;dua;hatchback;fwd;depan;93,7;157,9;63,6;53,7;2120;ohcf;empat;108;2bbl;3,62;2,64;8,7;73;4400;26;31;7053
141;2;subaru dl;Subaru;Jepang;bensin;std;dua;hatchback;4wd;depan;93,3;157,3;63,8;55,7;2240;ohcf;empat;108;2bbl;3,62;2,64;8,7;73;4400;26;31;7603
142;0;subaru;Subaru;Jepang;bensin;std;empat;sedan;fwd;depan;97,2;172;65,4;52,5;2145;ohcf;empat;108;2bbl;3,62;2,64;9,5;82;4800;32;37;7126
143;0;subaru brz;Subaru;Jepang;bensin;std;empat;sedan;fwd;depan;97,2;172;65,4;52,5;2190;ohcf;empat;108;2bbl;3,62;2,64;9,5;82;4400;28;33;7775
144;0;subaru baja;Subaru;Jepang;bensin;std;empat;sedan;fwd;depan;97,2;172;65,4;52,5;2340;ohcf;empat;108;mpfi;3,62;2,64;9;94;5200;26;32;9960
145;0;subaru r1;Subaru;Jepang;bensin;std;empat;sedan;4wd;depan;97;172;65,4;54,3;2385;ohcf;empat;108;2bbl;3,62;2,64;9;82;4800;24;25;9233
146;0;subaru r2;Subaru;Jepang;bensin;turbo;empat;sedan;4wd;depan;97;172;65,4;54,3;2510;ohcf;empat;108;mpfi;3,62;2,64;7,7;111;4800;24;29;11259
147;0;subaru trezia;Subaru;Jepang;bensin;std;empat;wagon;fwd;depan;97;173,5;65,4;53;2290;ohcf;empat;108;2bbl;3,62;2,64;9;82;4800;28;32;7463
148;0;subaru tribeca;Subaru;Jepang;bensin;std;empat;wagon;fwd;depan;97;173,5;65,4;53;2455;ohcf;empat;108;mpfi;3,62;2,64;9;94;5200;25;31;10198
149;0;subaru dl;Subaru;Jepang;bensin;std;empat;wagon;4wd;depan;96,9;173,6;65,4;54,9;2420;ohcf;empat;108;2bbl;3,62;2,64;9;82;4800;23;29;8013
150;0;subaru dl;Subaru;Jepang;bensin;turbo;empat;wagon;4wd;depan;96,9;173,6;65,4;54,9;2650;ohcf;empat;108;mpfi;3,62;2,64;7,7;111;4800;23;23;11694
151;1;toyota corona mark ii;Toyota;Jepang;bensin;std;dua;hatchback;fwd;depan;95,7;158,7;63,6;54,5;1985;ohc;empat;92;2bbl;3,05;3,03;9;62;4800;35;39;5348
152;1;toyota corona;Toyota;Jepang;bensin;std;dua;hatchback;fwd;depan;95,7;158,7;63,6;54,5;2040;ohc;empat;92;2bbl;3,05;3,03;9;62;4800;31;38;6338
153;1;toyota corolla 1200;Toyota;Jepang;bensin;std;empat;hatchback;fwd;depan;95,7;158,7;63,6;54,5;2015;ohc;empat;92;2bbl;3,05;3,03;9;62;4800;31;38;6488
154;0;toyota corona hardtop;Toyota;Jepang;bensin;std;empat;wagon;fwd;depan;95,7;169,7;63,6;59,1;2280;ohc;empat;92;2bbl;3,05;3,03;9;62;4800;31;37;6918
155;0;toyota corolla 1600 (sw);Toyota;Jepang;bensin;std;empat;wagon;4wd;depan;95,7;169,7;63,6;59,1;2290;ohc;empat;92;2bbl;3,05;3,03;9;62;4800;27;32;7898
156;0;toyota carina;Toyota;Jepang;bensin;std;empat;wagon;4wd;depan;95,7;169,7;63,6;59,1;3110;ohc;empat;92;2bbl;3,05;3,03;9;62;4800;27;32;8778
157;0;toyota mark ii;Toyota;Jepang;bensin;std;empat;sedan;fwd;depan;95,7;166,3;64,4;53;2081;ohc;empat;98;2bbl;3,19;3,03;9;70;4800;30;37;6938
158;0;toyota corolla 1200;Toyota;Jepang;bensin;std;empat;hatchback;fwd;depan;95,7;166,3;64,4;52,8;2109;ohc;empat;98;2bbl;3,19;3,03;9;70;4800;30;37;7198
159;0;toyota corona;Toyota;Jepang;solar;std;empat;sedan;fwd;depan;95,7;166,3;64,4;53;2275;ohc;empat;110;idi;3,27;3,35;22,5;56;4500;34;36;7898
160;0;toyota corolla;Toyota;Jepang;solar;std;empat;hatchback;fwd;depan;95,7;166,3;64,4;52,8;2275;ohc;empat;110;idi;3,27;3,35;22,5;56;4500;38;47;7788
161;0;toyota corona;Toyota;Jepang;bensin;std;empat;sedan;fwd;depan;95,7;166,3;64,4;53;2094;ohc;empat;98;2bbl;3,19;3,03;9;70;4800;38;47;7738
162;0;toyota corolla;Toyota;Jepang;bensin;std;empat;hatchback;fwd;depan;95,7;166,3;64,4;52,8;2122;ohc;empat;98;2bbl;3,19;3,03;9;70;4800;28;34;8358
163;0;toyota mark ii;Toyota;Jepang;bensin;std;empat;sedan;fwd;depan;95,7;166,3;64,4;52,8;2140;ohc;empat;98;2bbl;3,19;3,03;9;70;4800;28;34;9258
164;1;toyota corolla liftback;Toyota;Jepang;bensin;std;dua;sedan;rwd;depan;94,5;168,7;64;52,6;2169;ohc;empat;98;2bbl;3,19;3,03;9;70;4800;29;34;8058
165;1;toyota corona;Toyota;Jepang;bensin;std;dua;hatchback;rwd;depan;94,5;168,7;64;52,6;2204;ohc;empat;98;2bbl;3,19;3,03;9;70;4800;29;34;8238
166;1;toyota celica gt liftback;Toyota;Jepang;bensin;std;dua;sedan;rwd;depan;94,5;168,7;64;52,6;2265;dohc;empat;98;mpfi;3,24;3,08;9,4;112;6600;26;29;9298
167;1;toyota corolla tercel;Toyota;Jepang;bensin;std;dua;hatchback;rwd;depan;94,5;168,7;64;52,6;2300;dohc;empat;98;mpfi;3,24;3,08;9,4;112;6600;26;29;9538
168;2;toyota corona liftback;Toyota;Jepang;bensin;std;dua;hardtop;rwd;depan;98,4;176,2;65,6;52;2540;ohc;empat;146;mpfi;3,62;3,5;9,3;116;4800;24;30;8449
169;2;toyota corolla;Toyota;Jepang;bensin;std;dua;hardtop;rwd;depan;98,4;176,2;65,6;52;2536;ohc;empat;146;mpfi;3,62;3,5;9,3;116;4800;24;30;9639
170;2;toyota starlet;Toyota;Jepang;bensin;std;dua;hatchback;rwd;depan;98,4;176,2;65,6;52;2551;ohc;empat;146;mpfi;3,62;3,5;9,3;116;4800;24;30;9989
171;2;toyota tercel;Toyota;Jepang;bensin;std;dua;hardtop;rwd;depan;98,4;176,2;65,6;52;2679;ohc;empat;146;mpfi;3,62;3,5;9,3;116;4800;24;30;11199
172;2;toyota corolla;Toyota;Jepang;bensin;std;dua;hatchback;rwd;depan;98,4;176,2;65,6;52;2714;ohc;empat;146;mpfi;3,62;3,5;9,3;116;4800;24;30;11549
173;2;toyota cressida;Toyota;Jepang;bensin;std;dua;convertible;rwd;depan;98,4;176,2;65,6;53;2975;ohc;empat;146;mpfi;3,62;3,5;9,3;116;4800;24;30;17669
174;-1;toyota corolla;Toyota;Jepang;bensin;std;empat;sedan;fwd;depan;102,4;175,6;66,5;54,9;2326;ohc;empat;122;mpfi;3,31;3,54;8,7;92;4200;29;34;8948
175;-1;toyota celica gt;Toyota;Jepang;solar;turbo;empat;sedan;fwd;depan;102,4;175,6;66,5;54,9;2480;ohc;empat;110;idi;3,27;3,35;22,5;73;4500;30;33;10698
176;-1;toyota corona;Toyota;Jepang;bensin;std;empat;hatchback;fwd;depan;102,4;175,6;66,5;53,9;2414;ohc;empat;122;mpfi;3,31;3,54;8,7;92;4200;27;32;9988
177;-1;toyota corolla;Toyota;Jepang;bensin;std;empat;sedan;fwd;depan;102,4;175,6;66,5;54,9;2414;ohc;empat;122;mpfi;3,31;3,54;8,7;92;4200;27;32;10898
178;-1;toyota mark ii;Toyota;Jepang;bensin;std;empat;hatchback;fwd;depan;102,4;175,6;66,5;53,9;2458;ohc;empat;122;mpfi;3,31;3,54;8,7;92;4200;27;32;11248
179;3;toyota corolla liftback;Toyota;Jepang;bensin;std;dua;hatchback;rwd;depan;102,9;183,5;67,7;52;2976;dohc;enam;171;mpfi;3,27;3,35;9,3;161;5200;20;24;16558
180;3;toyota corona;Toyota;Jepang;bensin;std;dua;hatchback;rwd;depan;102,9;183,5;67,7;52;3016;dohc;enam;171;mpfi;3,27;3,35;9,3;161;5200;19;24;15998
181;-1;toyota starlet;Toyota;Jepang;bensin;std;empat;sedan;rwd;depan;104,5;187,8;66,5;54,1;3131;dohc;enam;171;mpfi;3,27;3,35;9,2;156;5200;20;24;15690
182;-1;toyouta tercel;Toyota;Jepang;bensin;std;empat;wagon;rwd;depan;104,5;187,8;66,5;54,1;3151;dohc;enam;161;mpfi;3,27;3,35;9,2;156;5200;19;24;15750
183;2;vokswagen rabbit;Volkswagen;Jerman;solar;std;dua;sedan;fwd;depan;97,3;171,7;65,5;55,7;2261;ohc;empat;97;idi;3,01;3,4;23;52;4800;37;46;7775
184;2;volkswagen 1131 deluxe sedan;Volkswagen;Jerman;bensin;std;dua;sedan;fwd;depan;97,3;171,7;65,5;55,7;2209;ohc;empat;109;mpfi;3,19;3,4;9;85;5250;27;34;7975
185;2;volkswagen model 111;Volkswagen;Jerman;solar;std;empat;sedan;fwd;depan;97,3;171,7;65,5;55,7;2264;ohc;empat;97;idi;3,01;3,4;23;52;4800;37;46;7995
186;2;volkswagen type 3;Volkswagen;Jerman;bensin;std;empat;sedan;fwd;depan;97,3;171,7;65,5;55,7;2212;ohc;empat;109;mpfi;3,19;3,4;9;85;5250;27;34;8195
187;2;volkswagen 411 (sw);Volkswagen;Jerman;bensin;std;empat;sedan;fwd;depan;97,3;171,7;65,5;55,7;2275;ohc;empat;109;mpfi;3,19;3,4;9;85;5250;27;34;8495
188;2;volkswagen super beetle;Volkswagen;Jerman;solar;turbo;empat;sedan;fwd;depan;97,3;171,7;65,5;55,7;2319;ohc;empat;97;idi;3,01;3,4;23;68;4500;37;42;9495
189;2;volkswagen dasher;Volkswagen;Jerman;bensin;std;empat;sedan;fwd;depan;97,3;171,7;65,5;55,7;2300;ohc;empat;109;mpfi;3,19;3,4;10;100;5500;26;32;9995
190;3;vw dasher;Volkswagen;Jerman;bensin;std;dua;convertible;fwd;depan;94,5;159,3;64,2;55,6;2254;ohc;empat;109;mpfi;3,19;3,4;8,5;90;5500;24;29;11595
191;3;vw rabbit;Volkswagen;Jerman;bensin;std;dua;hatchback;fwd;depan;94,5;165,7;64;51,4;2221;ohc;empat;109;mpfi;3,19;3,4;8,5;90;5500;24;29;9980
192;0;volkswagen rabbit;Volkswagen;Jerman;bensin;std;empat;sedan;fwd;depan;100,4;180,2;66,9;55,1;2661;ohc;lima;136;mpfi;3,19;3,4;8,5;110;5500;19;24;13295
193;0;volkswagen rabbit custom;Volkswagen;Jerman;solar;turbo;empat;sedan;fwd;depan;100,4;180,2;66,9;55,1;2579;ohc;empat;97;idi;3,01;3,4;23;68;4500;33;38;13845
194;0;volkswagen dasher;Volkswagen;Jerman;bensin;std;empat;wagon;fwd;depan;100,4;183,1;66,9;55,1;2563;ohc;empat;109;mpfi;3,19;3,4;9;88;5500;25;31;12290
195;-2;volvo 145e (sw);Volvo;Swedia;bensin;std;empat;sedan;rwd;depan;104,3;188,8;67,2;56,2;2912;ohc;empat;141;mpfi;3,78;3,15;9,5;114;5400;23;28;12940
196;-1;volvo 144ea;Volvo;Swedia;bensin;std;empat;wagon;rwd;depan;104,3;188,8;67,2;57,5;3034;ohc;empat;141;mpfi;3,78;3,15;9,5;114;5400;23;28;13415
197;-2;volvo 244dl;Volvo;Swedia;bensin;std;empat;sedan;rwd;depan;104,3;188,8;67,2;56,2;2935;ohc;empat;141;mpfi;3,78;3,15;9,5;114;5400;24;28;15985
198;-1;volvo 245;Volvo;Swedia;bensin;std;empat;wagon;rwd;depan;104,3;188,8;67,2;57,5;3042;ohc;empat;141;mpfi;3,78;3,15;9,5;114;5400;24;28;16515
199;-2;volvo 264gl;Volvo;Swedia;bensin;turbo;empat;sedan;rwd;depan;104,3;188,8;67,2;56,2;3045;ohc;empat;130;mpfi;3,62;3,15;7,5;162;5100;17;22;18420
200;-1;volvo diesel;Volvo;Swedia;bensin;turbo;empat;wagon;rwd;depan;104,3;188,8;67,2;57,5;3157;ohc;empat;130;mpfi;3,62;3,15;7,5;162;5100;17;22;18950
201;-1;volvo 145e (sw);Volvo;Swedia;bensin;std;empat;sedan;rwd;depan;109,1;188,8;68,9;55,5;2952;ohc;empat;141;mpfi;3,78;3,15;9,5;114;5400;23;28;16845
202;-1;volvo 144ea;Volvo;Swedia;bensin;turbo;empat;sedan;rwd;depan;109,1;188,8;68,8;55,5;3049;ohc;empat;141;mpfi;3,78;3,15;8,7;160;5300;19;25;19045
203;-1;volvo 244dl;Volvo;Swedia;bensin;std;empat;sedan;rwd;depan;109,1;188,8;68,9;55,5;3012;ohcv;enam;173;mpfi;3,58;2,87;8,8;134;5500;18;23;21485
204;-1;volvo 246;Volvo;Swedia;solar;turbo;empat;sedan;rwd;depan;109,1;188,8;68,9;55,5;3217;ohc;enam;145;idi;3,01;3,4;23;106;4800;26;27;22470
205;-1;volvo 264gl;Volvo;Swedia;bensin;turbo;empat;sedan;rwd;depan;109,1;188,8;68,9;55,5;3062;ohc;empat;141;mpfi;3,78;3,15;9,5;114;5400;19;25;22625
